State,INTEGER,CHAR,BOOLEAN,STRING,TYPE,EQUALS,ARRAY,LEFT_SQUARE,RIGHT_SQUARE,OF,STRUCT,LEFT_BRACES,RIGHT_BRACES,SEMI_COLON,COLON,FUNCTION,LEFT_PARENTHESIS,RIGHT_PARENTHESIS,COMMA,VAR,IF,ELSE,WHILE,DO,BREAK,CONTINUE,RETURN,AND,OR,LESS_THAN,GREATER_THAN,LESS_OR_EQUAL,GREATER_OR_EQUAL,EQUAL_EQUAL,NOT_EQUAL,PLUS,MINUS,TIMES,DIVIDE,PLUS_PLUS,MINUS_MINUS,NOT,DOT,TRUE,FALSE,CHARACTER,STRINGVAL,NUMERAL,ID,$,P,LDE,DE,T,DT,DC,DF,LP,B,LDV,LS,DV,LI,S,E,L,R,Y,F,LE,LV,TRU,FALS,CH,ST,NU,IDT,IDU,IDD,NB,NF,MA,ME,MC,MF,MT,MW
0, , , , ,s6, , , , , , , , , , ,s5, , , , , , , , , , , , , , , , , , , , , , , , , , , , , , , , , , , ,1,2, ,4, ,3, , , , , , , , , , , , , , , , , , , , , , , , , , , , , , 
1, , , , ,s6, , , , , , , , , , ,s5, , , , , , , , , , , , , , , , , , , , , , , , , , , , , , , , , ,acc, , ,7, ,4, ,3, , , , , , , , , , , , , , , , , , , , , , , , , , , , , , 
2, , , , ,r2, , , , , , , , , , ,r2, , , , , , , , , , , , , , , , , , , , , , , , , , , , , , , , , ,r2, , , , , , , , , , , , , , , , , , , , , , , , , , , , , , , , , , , , , 
3, , , , ,r3, , , , , , , , , , ,r3, , , , , , , , , , , , , , , , , , , , , , , , , , , , , , , , , ,r3, , , , , , , , , , , , , , , , , , , , , , , , , , , , , , , , , , , , , 
4, , , , ,r4, , , , , , , , , , ,r4, , , , , , , , , , , , , , , , , , , , , , , , , , , , , , , , , ,r4, , , , , , , , , , , , , , , , , , , , , , , , , , , , , , , , , , , , , 
5, , , , , , , , , , , , , , , , , , , , , , , , , , , , , , , , , , , , , , , , , , , , , , , , ,s9, , , , , , , , , , , , , , , , , , , , , , , , , , , , , ,8, , , , , , , , 
6, , , , , , , , , , , , , , , , , , , , , , , , , , , , , , , , , , , , , , , , , , , , , , , , ,s9, , , , , , , , , , , , , , , , , , , , , , , , , , , , , ,10, , , , , , , , 
7, , , , ,r1, , , , , , , , , , ,r1, , , , , , , , , , , , , , , , , , , , , , , , , , , , , , , , , ,r1, , , , , , , , , , , , , , , , , , , , , , , , , , , , , , , , , , , , , 
8, , , , , , , , , , , , , , , , ,r82, , , , , , , , , , , , , , , , , , , , , , , , , , , , , , , , , , , , , , , , , , , , , , , , , , , , , , , , , , , , , , , ,11, , , , , , 
9, , , , ,r80,r80, , , , , , , , ,r80,r80,r80, ,r80, , , , , , , , , , , , , , , , , , , , , , , , , , , , , , ,r80, , , , , , , , , , , , , , , , , , , , , , , , , , , , , , , , , , , , , 
10, , , , , ,s12, , , , , , , , , , , , , , , , , , , , , , , , , , , , , , , , , , , , , , , , , , , , , , , , , , , , , , , , , , , , , , , , , , , , , , , , , , , , , , , , , 
11, , , , , , , , , , , , , , , , ,s13, , , , , , , , , , , , , , , , , , , , , , , , , , , , , , , , , , , , , , , , , , , , , , , , , , , , , , , , , , , , , , , , , , , , , , 
12,s17,s18,s19,s20, , ,s14, , , ,s15, , , , , , , , , , , , , , , , , , , , , , , , , , , , , , , , , , , , , ,s22, , , , ,16, , , , , , , , , , , , , , , , , , , , , , , ,21, , , , , , , , , 
13, , , , , , , , , , , , , , , , , ,r18,r18, , , , , , , , , , , , , , , , , , , , , , , , , , , , , ,s9, , , , , , , , ,23, , , , , , , , , , , , , , , , , , , , ,24, , , , , , , , 
14, , , , , , , ,s25, , , , , , , , , , , , , , , , , , , , , , , , , , , , , , , , , , , , , , , , , , , , , , , , , , , , , , , , , , , , , , , , , , , , , , , , , , , , , , , 
15, , , , , , , , , , , ,r81, , , , , , , , , , , , , , , , , , , , , , , , , , , , , , , , , , , , , , , , , , , , , , , , , , , , , , , , , , , , , , , , , , , ,26, , , , , , , 
16, , , , ,r12, , , , , , , , , , ,r12, , , , , , , , , , , , , , , , , , , , , , , , , , , , , , , , , ,r12, , , , , , , , , , , , , , , , , , , , , , , , , , , , , , , , , , , , , 
17, , , , ,r5, , , , , , ,r5,r5,r5, ,r5, ,r5,r5, , , , , , , , , , , , , , , , , , , , , , , , , , , , , , ,r5, , , , , , , , , , , , , , , , , , , , , , , , , , , , , , , , , , , , , 
18, , , , ,r6, , , , , , ,r6,r6,r6, ,r6, ,r6,r6, , , , , , , , , , , , , , , , , , , , , , , , , , , , , , ,r6, , , , , , , , , , , , , , , , , , , , , , , , , , , , , , , , , , , , , 
19, , , , ,r7, , , , , , ,r7,r7,r7, ,r7, ,r7,r7, , , , , , , , , , , , , , , , , , , , , , , , , , , , , , ,r7, , , , , , , , , , , , , , , , , , , , , , , , , , , , , , , , , , , , , 
20, , , , ,r8, , , , , , ,r8,r8,r8, ,r8, ,r8,r8, , , , , , , , , , , , , , , , , , , , , , , , , , , , , , ,r8, , , , , , , , , , , , , , , , , , , , , , , , , , , , , , , , , , , , , 
21, , , , ,r9, , , , , , ,r9,r9,r9, ,r9, ,r9,r9, , , , , , , , , , , , , , , , , , , , , , , , , , , , , , ,r9, , , , , , , , , , , , , , , , , , , , , , , , , , , , , , , , , , , , , 
22, , , , ,r79,r79, ,r79,r79, , ,r79,r79,r79, ,r79,r79,r79,r79, ,r79,r79,r79,r79,r79,r79,r79,r79,r79,r79,r79,r79,r79,r79,r79,r79,r79,r79,r79,r79,r79, ,r79, , , , , ,r79,r79, , , , , , , , , , , , , , , , , , , , , , , , , , , , , , , , , , , , , 
23, , , , , , , , , , , , , , , , , ,s27,s28, , , , , , , , , , , , , , , , , , , , , , , , , , , , , , , , , , , , , , , , , , , , , , , , , , , , , , , , , , , , , , , , , , , , 
24, , , , , , , , , , , , , , ,s29, , , , , , , , , , , , , , , , , , , , , , , , , , , , , , , , , , , , , , , , , , , , , , , , , , , , , , , , , , , , , , , , , , , , , , , , 
25, , , , , , , , , , , , , , , , , , , , , , , , , , , , , , , , , , , , , , , , , , , , , , , ,s31, , , , , , , , , , , , , , , , , , , , , , , , , , , ,30, , , , , , , , , , , 
26, , , , , , , , , , , ,s32, , , , , , , , , , , , , , , , , , , , , , , , , , , , , , , , , , , , , , , , , , , , , , , , , , , , , , , , , , , , , , , , , , , , , , , , , , , 
27, , , , , , , , , , , , , , ,s33, , , , , , , , , , , , , , , , , , , , , , , , , , , , , , , , , , , , , , , , , , , , , , , , , , , , , , , , , , , , , , , , , , , , , , , , 
28, , , , , , , , , , , , , , , , , , , , , , , , , , , , , , , , , , , , , , , , , , , , , , , , ,s9, , , , , , , , , , , , , , , , , , , , , , , , , , , , , ,34, , , , , , , , 
29,s17,s18,s19,s20, , , , , , , , , , , , , , , , , , , , , , , , , , , , , , , , , , , , , , , , , , , , ,s22, , , , ,35, , , , , , , , , , , , , , , , , , , , , , , ,21, , , , , , , , , 
30, , , , , , , , ,s36, , , , , , , , , , , , , , , , , , , , , , , , , , , , , , , , , , , , , , , , , , , , , , , , , , , , , , , , , , , , , , , , , , , , , , , , , , , , , , 
31, , , , , , , , ,r77, , , , ,r77, , , ,r77,r77, , , , , , , , ,r77,r77,r77,r77,r77,r77,r77,r77,r77,r77,r77,r77, , , , , , , , , , , , , , , , , , , , , , , , , , , , , , , , , , , , , , , , , , , , , , , , 
32, , , , , , , , , , , , , , , , , , , , , , , , , , , , , , , , , , , , , , , , , , , , , , , , ,s9, , , , , , ,37, , , , , , ,38, , , , , , , , , , , , , , , ,39, , , , , , , , 
33,s17,s18,s19,s20, , , , , , , , , , , , , , , , , , , , , , , , , , , , , , , , , , , , , , , , , , , , ,s22, , , , ,40, , , , , , , , , , , , , , , , , , , , , , , ,21, , , , , , , , , 
34, , , , , , , , , , , , , , ,s41, , , , , , , , , , , , , , , , , , , , , , , , , , , , , , , , , , , , , , , , , , , , , , , , , , , , , , , , , , , , , , , , , , , , , , , , 
35, , , , , , , , , , , , , , , , , ,r17,r17, , , , , , , , , , , , , , , , , , , , , , , , , , , , , , , , , , , , , , , , , , , , , , , , , , , , , , , , , , , , , , , , , , , , 
36, , , , , , , , , ,s42, , , , , , , , , , , , , , , , , , , , , , , , , , , , , , , , , , , , , , , , , , , , , , , , , , , , , , , , , , , , , , , , , , , , , , , , , , , , , 
37, , , , , , , , , , , , ,s43,s44, , , , , , , , , , , , , , , , , , , , , , , , , , , , , , , , , , , , , , , , , , , , , , , , , , , , , , , , , , , , , , , , , , , , , , , , , 
38, , , , , , , , , , , , , , ,s45, , , ,s46, , , , , , , , , , , , , , , , , , , , , , , , , , , , , , , , , , , , , , , , , , , , , , , , , , , , , , , , , , , , , , , , , , , , 
39, , , , , , , , , , , , , , ,r27, , , ,r27, , , , , , , , , , , , , , , , , , , , , , , , , , , , , , , , , , , , , , , , , , , , , , , , , , , , , , , , , , , , , , , , , , , , 
40, , , , , , , , , , , ,r86, , , , , , , , , , , , , , , , , , , , , , , , , , , , , , , , , , , , , , , , , , , , , , , , , , , , , , , , , , , , , , , , , , , , , , , , ,47, , 
41,s17,s18,s19,s20, , , , , , , , , , , , , , , , , , , , , , , , , , , , , , , , , , , , , , , , , , , , ,s22, , , , ,48, , , , , , , , , , , , , , , , , , , , , , , ,21, , , , , , , , , 
42,s17,s18,s19,s20, , , , , , , , , , , , , , , , , , , , , , , , , , , , , , , , , , , , , , , , , , , , ,s22, , , , ,49, , , , , , , , , , , , , , , , , , , , , , , ,21, , , , , , , , , 
43, , , , ,r11, , , , , , , , , , ,r11, , , , , , , , , , , , , , , , , , , , , , , , , , , , , , , , , ,r11, , , , , , , , , , , , , , , , , , , , , , , , , , , , , , , , , , , , , 
44, , , , , , , , , , , , , , , , , , , , , , , , , , , , , , , , , , , , , , , , , , , , , , , , ,s9, , , , , , , , , , , , , ,50, , , , , , , , , , , , , , , ,39, , , , , , , , 
45,s17,s18,s19,s20, , , , , , , , , , , , , , , , , , , , , , , , , , , , , , , , , , , , , , , , , , , , ,s22, , , , ,51, , , , , , , , , , , , , , , , , , , , , , , ,21, , , , , , , , , 
46, , , , , , , , , , , , , , , , , , , , , , , , , , , , , , , , , , , , , , , , , , , , , , , , ,s9, , , , , , , , , , , , , , , , , , , , , , , , , , , , , ,52, , , , , , , , 
47, , , , , , , , , , , ,s54, , , , , , , , , , , , , , , , , , , , , , , , , , , , , , , , , , , , , , , , , , , , , , ,53, , , , , , , , , , , , , , , , , , , , , , , , , , , , 
48, , , , , , , , , , , , , , , , , ,r16,r16, , , , , , , , , , , , , , , , , , , , , , , , , , , , , , , , , , , , , , , , , , , , , , , , , , , , , , , , , , , , , , , , , , , , 
49, , , , ,r10, , , , , , , , , , ,r10, , , , , , , , , , , , , , , , , , , , , , , , , , , , , , , , , ,r10, , , , , , , , , , , , , , , , , , , , , , , , , , , , , , , , , , , , , 
50, , , , , , , , , , , , , , ,s55, , , ,s46, , , , , , , , , , , , , , , , , , , , , , , , , , , , , , , , , , , , , , , , , , , , , , , , , , , , , , , , , , , , , , , , , , , , 
51, , , , , , , , , , , , ,r14,r14, , , , , , , , , , , , , , , , , , , , , , , , , , , , , , , , , , , , , , , , , , , , , , , , , , , , , , , , , , , , , , , , , , , , , , , , , 
52, , , , , , , , , , , , , , ,r26, , , ,r26, , , , , , , , , , , , , , , , , , , , , , , , , , , , , , , , , , , , , , , , , , , , , , , , , , , , , , , , , , , , , , , , , , , , 
53, , , , ,r15, , , , , , , , , , ,r15, , , , , , , , , , , , , , , , , , , , , , , , , , , , , , , , , ,r15, , , , , , , , , , , , , , , , , , , , , , , , , , , , , , , , , , , , , 
54, , , , ,r22, , , , , , ,r22,r22, , ,r22, , , ,s58 / r22,r22,r22,r22,r22,r22,r22,r22, , , , , , , , , , , , , , , , , , , , , ,r22,r22, , , , , , , , , ,56, ,57, , , , , , , , , , , , , , , , , , , , , , , , , 
55,s17,s18,s19,s20, , , , , , , , , , , , , , , , , , , , , , , , , , , , , , , , , , , , , , , , , , , , ,s22, , , , ,59, , , , , , , , , , , , , , , , , , , , , , , ,21, , , , , , , , , 
56, , , , , , , , , , , ,r81, , , , , , , ,s58,s63, ,s64,s65,s68,s69,s70, , , , , , , , , , , , , , , , , , , , , ,s22, , , , , , , , , , , ,60,61, ,62, , , , , , ,67, , , , , , ,71, ,66, , , , , , , 
57, , , , ,r21, , , , , , ,r21,r21, , ,r21, , , ,r21,r21,r21,r21,r21,r21,r21,r21, , , , , , , , , , , , , , , , , , , , , ,r21,r21, , , , , , , , , , , , , , , , , , , , , , , , , , , , , , , , , , , , , 
58, , , , , , , , , , , , , , , , , , , , , , , , , , , , , , , , , , , , , , , , , , , , , , , , ,s9, , , , , , , , , , , , , ,72, , , , , , , , , , , , , , , ,39, , , , , , , , 
59, , , , , , , , , , , , ,r13,r13, , , , , , , , , , , , , , , , , , , , , , , , , , , , , , , , , , , , , , , , , , , , , , , , , , , , , , , , , , , , , , , , , , , , , , , , , 
60, , , , , , , , , , , ,r81,s73, , , , , , , ,s63, ,s64,s65,s68,s69,s70, , , , , , , , , , , , , , , , , , , , , ,s22, , , , , , , , , , , , , , ,74, , , , , , ,67, , , , , , ,71, ,66, , , , , , , 
61, , , , ,r20, , , , , , ,r20,r20, , ,r20, , , ,r20,r20,r20,r20,r20,r20,r20,r20, , , , , , , , , , , , , , , , , , , , , ,r20,r20, , , , , , , , , , , , , , , , , , , , , , , , , , , , , , , , , , , , , 
62, , , , , , , , , , , ,r24,r24, , , , , , , ,r24, ,r24,r24,r24,r24,r24, , , , , , , , , , , , , , , , , , , , , ,r24, , , , , , , , , , , , , , , , , , , , , , , , , , , , , , , , , , , , , , 
63, , , , , , , , , , , , , , , , ,s75, , , , , , , , , , , , , , , , , , , , , , , , , , , , , , , , , , , , , , , , , , , , , , , , , , , , , , , , , , , , , , , , , , , , , , 
64, , , , , , , , , , , , , , , , ,r88, , , , , , , , , , , , , , , , , , , , , , , , , , , , , , , , , , , , , , , , , , , , , , , , , , , , , , , , , , , , , , , , , , , , , ,76
65, , , , , , , , , , , ,r88,r88, , , , , , , ,r88,r88,r88,r88,r88,r88,r88, , , , , , , , , , , , , , , , , , , , , ,r88, , , , , , , , , , , , , , , , , , , , , , , , , , , , , , , , , , , , , ,77
66, , , , , , , , , , , ,s54, , , , , , , , , , , , , , , , , , , , , , , , , , , , , , , , , , , , , , , , , , , , , , ,78, , , , , , , , , , , , , , , , , , , , , , , , , , , , 
67, , , , , ,r83, ,s81, , , , , , , , , , , , , , , , , , , , , , , , , , , , , , , , , , ,s80, , , , , , , , , , , , , , , , , , , , , , , , , , , , , , , , , , , , , , ,79, , , , , 
68, , , , , , , , , , , , , ,s82, , , , , , , , , , , , , , , , , , , , , , , , , , , , , , , , , , , , , , , , , , , , , , , , , , , , , , , , , , , , , , , , , , , , , , , , , 
69, , , , , , , , , , , , , ,s83, , , , , , , , , , , , , , , , , , , , , , , , , , , , , , , , , , , , , , , , , , , , , , , , , , , , , , , , , , , , , , , , , , , , , , , , , 
70, , , , , , , , , , , , , , , , ,s92, , , , , , , , , , , , , , , , , , , ,s94, , ,s90,s91,s95, ,s101,s102,s103,s104,s31,s22, , , , , , , , , , , , , , , ,84,85,86,87,88, ,89,96,97,98,99,100, ,93, , , , , , , , , 
71, , , , , ,r72, ,r72,r72, , ,r72,r72,r72, , , ,r72,r72, ,r72,r72,r72,r72,r72,r72,r72,r72,r72,r72,r72,r72,r72,r72,r72,r72,r72,r72,r72, , , ,r72, , , , , ,r72, , , , , , , , , , , , , , , , , , , , , , , , , , , , , , , , , , , , , , 
72, , , , , , , , , , , , , , ,s105, , , ,s46, , , , , , , , , , , , , , , , , , , , , , , , , , , , , , , , , , , , , , , , , , , , , , , , , , , , , , , , , , , , , , , , , , , , 
73, , , , ,r19, , , , , , ,r19,r19, , ,r19, , , , ,r19,r19,r19,r19,r19,r19,r19, , , , , , , , , , , , , , , , , , , , , ,r19,r19, , , , , , , , , , , , , , , , , , , , , , , , , , , , , , , , , , , , , 
74, , , , , , , , , , , ,r23,r23, , , , , , , ,r23, ,r23,r23,r23,r23,r23, , , , , , , , , , , , , , , , , , , , , ,r23, , , , , , , , , , , , , , , , , , , , , , , , , , , , , , , , , , , , , , 
75, , , , , , , , , , , , , , , , ,s92, , , , , , , , , , , , , , , , , , , ,s94, , ,s90,s91,s95, ,s101,s102,s103,s104,s31,s22, , , , , , , , , , , , , , , ,106,85,86,87,88, ,89,96,97,98,99,100, ,93, , , , , , , , , 
76, , , , , , , , , , , , , , , , ,s107, , , , , , , , , , , , , , , , , , , , , , , , , , , , , , , , , , , , , , , , , , , , , , , , , , , , , , , , , , , , , , , , , , , , , , 
77, , , , , , , , , , , ,r81, , , , , , , , ,s63, ,s64,s65,s68,s69,s70, , , , , , , , , , , , , , , , , , , , , ,s22, , , , , , , , , , , , , , ,108, , , , , , ,67, , , , , , ,71, ,66, , , , , , , 
78, , , , , , , , , , , ,r32,r32, , , , , , , ,r32,r32,r32,r32,r32,r32,r32, , , , , , , , , , , , , , , , , , , , , ,r32, , , , , , , , , , , , , , , , , , , , , , , , , , , , , , , , , , , , , , 
79, , , , , ,s109, , , , , , , , , , , , , , , , , , , , , , , , , , , , , , , , , , , , , , , , , , , , , , , , , , , , , , , , , , , , , , , , , , , , , , , , , , , , , , , , , 
80, , , , , , , , , , , , , , , , , , , , , , , , , , , , , , , , , , , , , , , , , , , , , , , , ,s111, , , , , , , , , , , , , , , , , , , , , , , , , , , ,110, , , , , , , , , , 
81, , , , , , , , , , , , , , , , ,s92, , , , , , , , , , , , , , , , , , , ,s94, , ,s90,s91,s95, ,s101,s102,s103,s104,s31,s22, , , , , , , , , , , , , , , ,112,85,86,87,88, ,89,96,97,98,99,100, ,93, , , , , , , , , 
82, , , , , , , , , , , ,r34,r34, , , , , , , ,r34,r34,r34,r34,r34,r34,r34, , , , , , , , , , , , , , , , , , , , , ,r34, , , , , , , , , , , , , , , , , , , , , , , , , , , , , , , , , , , , , , 
83, , , , , , , , , , , ,r35,r35, , , , , , , ,r35,r35,r35,r35,r35,r35,r35, , , , , , , , , , , , , , , , , , , , , ,r35, , , , , , , , , , , , , , , , , , , , , , , , , , , , , , , , , , , , , , 
84, , , , , , , , , , , , , ,s113, , , , , , , , , , , , , ,s114,s115, , , , , , , , , , , , , , , , , , , , , , , , , , , , , , , , , , , , , , , , , , , , , , , , , , , , , , , , , , 
85, , , , , , , , ,r39, , , , ,r39, , , ,r39,r39, , , , , , , , ,r39,r39,s116,s117,s118,s119,s120,s121, , , , , , , , , , , , , , , , , , , , , , , , , , , , , , , , , , , , , , , , , , , , , , , , , , , , 
86, , , , , , , , ,r46, , , , ,r46, , , ,r46,r46, , , , , , , , ,r46,r46,r46,r46,r46,r46,r46,r46,s122,s123, , , , , , , , , , , , , , , , , , , , , , , , , , , , , , , , , , , , , , , , , , , , , , , , , , 
87, , , , , , , , ,r49, , , , ,r49, , , ,r49,r49, , , , , , , , ,r49,r49,r49,r49,r49,r49,r49,r49,r49,r49,s124,s125, , , , , , , , , , , , , , , , , , , , , , , , , , , , , , , , , , , , , , , , , , , , , , , , 
88, , , , , , , , ,r52, , , , ,r52, , , ,r52,r52, , , , , , , , ,r52,r52,r52,r52,r52,r52,r52,r52,r52,r52,r52,r52, , , , , , , , , , , , , , , , , , , , , , , , , , , , , , , , , , , , , , , , , , , , , , , , 
89, , , , , , , ,s81,r53, , , , ,r53, , , ,r53,r53, , , , , , , , ,r53,r53,r53,r53,r53,r53,r53,r53,r53,r53,r53,r53,s126,s127, ,s80, , , , , , , , , , , , , , , , , , , , , , , , , , , , , , , , , , , , , , , , , , , , 
90, , , , , , , , , , , , , , , , , , , , , , , , , , , , , , , , , , , , , , , , , , , , , , , , ,s22, , , , , , , , , , , , , , , , , , , , , ,128, , , , , , ,71, , , , , , , , , 
91, , , , , , , , , , , , , , , , , , , , , , , , , , , , , , , , , , , , , , , , , , , , , , , , ,s22, , , , , , , , , , , , , , , , , , , , , ,129, , , , , , ,71, , , , , , , , , 
92, , , , , , , , , , , , , , , , ,s92, , , , , , , , , , , , , , , , , , , ,s94, , ,s90,s91,s95, ,s101,s102,s103,s104,s31,s22, , , , , , , , , , , , , , , ,130,85,86,87,88, ,89,96,97,98,99,100, ,93, , , , , , , , , 
93, , , , , , , ,r72,r72, , , , ,r72, , ,r85,r72,r72, , , , , , , , ,r72,r72,r72,r72,r72,r72,r72,r72,r72,r72,r72,r72,r72,r72, ,r72, , , , , , , , , , , , , , , , , , , , , , , , , , , , , , , , , , , , , , , , ,131, , , 
94, , , , , , , , , , , , , , , , ,s92, , , , , , , , , , , , , , , , , , , ,s94, , ,s90,s91,s95, ,s101,s102,s103,s104,s31,s22, , , , , , , , , , , , , , , , , , , ,132, ,89,96,97,98,99,100, ,93, , , , , , , , , 
95, , , , , , , , , , , , , , , , ,s92, , , , , , , , , , , , , , , , , , , ,s94, , ,s90,s91,s95, ,s101,s102,s103,s104,s31,s22, , , , , , , , , , , , , , , , , , , ,133, ,89,96,97,98,99,100, ,93, , , , , , , , , 
96, , , , , , , , ,r62, , , , ,r62, , , ,r62,r62, , , , , , , , ,r62,r62,r62,r62,r62,r62,r62,r62,r62,r62,r62,r62, , , , , , , , , , , , , , , , , , , , , , , , , , , , , , , , , , , , , , , , , , , , , , , , 
97, , , , , , , , ,r63, , , , ,r63, , , ,r63,r63, , , , , , , , ,r63,r63,r63,r63,r63,r63,r63,r63,r63,r63,r63,r63, , , , , , , , , , , , , , , , , , , , , , , , , , , , , , , , , , , , , , , , , , , , , , , , 
98, , , , , , , , ,r64, , , , ,r64, , , ,r64,r64, , , , , , , , ,r64,r64,r64,r64,r64,r64,r64,r64,r64,r64,r64,r64, , , , , , , , , , , , , , , , , , , , , , , , , , , , , , , , , , , , , , , , , , , , , , , , 
99, , , , , , , , ,r65, , , , ,r65, , , ,r65,r65, , , , , , , , ,r65,r65,r65,r65,r65,r65,r65,r65,r65,r65,r65,r65, , , , , , , , , , , , , , , , , , , , , , , , , , , , , , , , , , , , , , , , , , , , , , , , 
100, , , , , , , , ,r66, , , , ,r66, , , ,r66,r66, , , , , , , , ,r66,r66,r66,r66,r66,r66,r66,r66,r66,r66,r66,r66, , , , , , , , , , , , , , , , , , , , , , , , , , , , , , , , , , , , , , , , , , , , , , , , 
101, , , , , , , , ,r73, , , , ,r73, , , ,r73,r73, , , , , , , , ,r73,r73,r73,r73,r73,r73,r73,r73,r73,r73,r73,r73, , , , , , , , , , , , , , , , , , , , , , , , , , , , , , , , , , , , , , , , , , , , , , , , 
102, , , , , , , , ,r74, , , , ,r74, , , ,r74,r74, , , , , , , , ,r74,r74,r74,r74,r74,r74,r74,r74,r74,r74,r74,r74, , , , , , , , , , , , , , , , , , , , , , , , , , , , , , , , , , , , , , , , , , , , , , , , 
103, , , , , , , , ,r75, , , , ,r75, , , ,r75,r75, , , , , , , , ,r75,r75,r75,r75,r75,r75,r75,r75,r75,r75,r75,r75, , , , , , , , , , , , , , , , , , , , , , , , , , , , , , , , , , , , , , , , , , , , , , , , 
104, , , , , , , , ,r76, , , , ,r76, , , ,r76,r76, , , , , , , , ,r76,r76,r76,r76,r76,r76,r76,r76,r76,r76,r76,r76, , , , , , , , , , , , , , , , , , , , , , , , , , , , , , , , , , , , , , , , , , , , , , , , 
105,s17,s18,s19,s20, , , , , , , , , , , , , , , , , , , , , , , , , , , , , , , , , , , , , , , , , , , , ,s22, , , , ,134, , , , , , , , , , , , , , , , , , , , , , , ,21, , , , , , , , , 
106, , , , , , , , , , , , , , , , , ,s135, , , , , , , , , ,s114,s115, , , , , , , , , , , , , , , , , , , , , , , , , , , , , , , , , , , , , , , , , , , , , , , , , , , , , , , , , , 
107, , , , , , , , , , , , , , , , ,s92, , , , , , , , , , , , , , , , , , , ,s94, , ,s90,s91,s95, ,s101,s102,s103,s104,s31,s22, , , , , , , , , , , , , , , ,136,85,86,87,88, ,89,96,97,98,99,100, ,93, , , , , , , , , 
108, , , , , , , , , , , , , , , , , , , , , , ,s137, , , , , , , , , , , , , , , , , , , , , , , , , , , , , , , , , , , , , , , , , , , , , , , , , , , , , , , , , , , , , , , , 
109, , , , , , , , , , , , , , , , ,s92, , , , , , , , , , , , , , , , , , , ,s94, , ,s90,s91,s95, ,s101,s102,s103,s104,s31,s22, , , , , , , , , , , , , , , ,138,85,86,87,88, ,89,96,97,98,99,100, ,93, , , , , , , , , 
110, , , , , ,r70, ,r70,r70, , ,r70,r70,r70, , , ,r70,r70, ,r70,r70,r70,r70,r70,r70,r70,r70,r70,r70,r70,r70,r70,r70,r70,r70,r70,r70,r70,r70,r70, ,r70, , , , , ,r70, , , , , , , , , , , , , , , , , , , , , , , , , , , , , , , , , , , , , , 
111, , , , , ,r78, ,r78,r78, , ,r78,r78,r78, , , ,r78,r78, ,r78,r78,r78,r78,r78,r78,r78,r78,r78,r78,r78,r78,r78,r78,r78,r78,r78,r78,r78,r78,r78, ,r78, , , , , ,r78, , , , , , , , , , , , , , , , , , , , , , , , , , , , , , , , , , , , , , 
112, , , , , , , , ,s139, , , , , , , , , , , , , , , , , , ,s114,s115, , , , , , , , , , , , , , , , , , , , , , , , , , , , , , , , , , , , , , , , , , , , , , , , , , , , , , , , , , 
113, , , , , , , , , , , ,r36,r36, , , , , , , ,r36,r36,r36,r36,r36,r36,r36, , , , , , , , , , , , , , , , , , , , , ,r36, , , , , , , , , , , , , , , , , , , , , , , , , , , , , , , , , , , , , , 
114, , , , , , , , , , , , , , , , ,s92, , , , , , , , , , , , , , , , , , , ,s94, , ,s90,s91,s95, ,s101,s102,s103,s104,s31,s22, , , , , , , , , , , , , , , , ,140,86,87,88, ,89,96,97,98,99,100, ,93, , , , , , , , , 
115, , , , , , , , , , , , , , , , ,s92, , , , , , , , , , , , , , , , , , , ,s94, , ,s90,s91,s95, ,s101,s102,s103,s104,s31,s22, , , , , , , , , , , , , , , , ,141,86,87,88, ,89,96,97,98,99,100, ,93, , , , , , , , , 
116, , , , , , , , , , , , , , , , ,s92, , , , , , , , , , , , , , , , , , , ,s94, , ,s90,s91,s95, ,s101,s102,s103,s104,s31,s22, , , , , , , , , , , , , , , , , ,142,87,88, ,89,96,97,98,99,100, ,93, , , , , , , , , 
117, , , , , , , , , , , , , , , , ,s92, , , , , , , , , , , , , , , , , , , ,s94, , ,s90,s91,s95, ,s101,s102,s103,s104,s31,s22, , , , , , , , , , , , , , , , , ,143,87,88, ,89,96,97,98,99,100, ,93, , , , , , , , , 
118, , , , , , , , , , , , , , , , ,s92, , , , , , , , , , , , , , , , , , , ,s94, , ,s90,s91,s95, ,s101,s102,s103,s104,s31,s22, , , , , , , , , , , , , , , , , ,144,87,88, ,89,96,97,98,99,100, ,93, , , , , , , , , 
119, , , , , , , , , , , , , , , , ,s92, , , , , , , , , , , , , , , , , , , ,s94, , ,s90,s91,s95, ,s101,s102,s103,s104,s31,s22, , , , , , , , , , , , , , , , , ,145,87,88, ,89,96,97,98,99,100, ,93, , , , , , , , , 
120, , , , , , , , , , , , , , , , ,s92, , , , , , , , , , , , , , , , , , , ,s94, , ,s90,s91,s95, ,s101,s102,s103,s104,s31,s22, , , , , , , , , , , , , , , , , ,146,87,88, ,89,96,97,98,99,100, ,93, , , , , , , , , 
121, , , , , , , , , , , , , , , , ,s92, , , , , , , , , , , , , , , , , , , ,s94, , ,s90,s91,s95, ,s101,s102,s103,s104,s31,s22, , , , , , , , , , , , , , , , , ,147,87,88, ,89,96,97,98,99,100, ,93, , , , , , , , , 
122, , , , , , , , , , , , , , , , ,s92, , , , , , , , , , , , , , , , , , , ,s94, , ,s90,s91,s95, ,s101,s102,s103,s104,s31,s22, , , , , , , , , , , , , , , , , , ,148,88, ,89,96,97,98,99,100, ,93, , , , , , , , , 
123, , , , , , , , , , , , , , , , ,s92, , , , , , , , , , , , , , , , , , , ,s94, , ,s90,s91,s95, ,s101,s102,s103,s104,s31,s22, , , , , , , , , , , , , , , , , , ,149,88, ,89,96,97,98,99,100, ,93, , , , , , , , , 
124, , , , , , , , , , , , , , , , ,s92, , , , , , , , , , , , , , , , , , , ,s94, , ,s90,s91,s95, ,s101,s102,s103,s104,s31,s22, , , , , , , , , , , , , , , , , , , ,150, ,89,96,97,98,99,100, ,93, , , , , , , , , 
125, , , , , , , , , , , , , , , , ,s92, , , , , , , , , , , , , , , , , , , ,s94, , ,s90,s91,s95, ,s101,s102,s103,s104,s31,s22, , , , , , , , , , , , , , , , , , , ,151, ,89,96,97,98,99,100, ,93, , , , , , , , , 
126, , , , , , , , ,r56, , , , ,r56, , , ,r56,r56, , , , , , , , ,r56,r56,r56,r56,r56,r56,r56,r56,r56,r56,r56,r56, , , , , , , , , , , , , , , , , , , , , , , , , , , , , , , , , , , , , , , , , , , , , , , , 
127, , , , , , , , ,r57, , , , ,r57, , , ,r57,r57, , , , , , , , ,r57,r57,r57,r57,r57,r57,r57,r57,r57,r57,r57,r57, , , , , , , , , , , , , , , , , , , , , , , , , , , , , , , , , , , , , , , , , , , , , , , , 
128, , , , , , , ,s81,r54, , , , ,r54, , , ,r54,r54, , , , , , , , ,r54,r54,r54,r54,r54,r54,r54,r54,r54,r54,r54,r54, , , ,s80, , , , , , , , , , , , , , , , , , , , , , , , , , , , , , , , , , , , , , , , , , , , 
129, , , , , , , ,s81,r55, , , , ,r55, , , ,r55,r55, , , , , , , , ,r55,r55,r55,r55,r55,r55,r55,r55,r55,r55,r55,r55, , , ,s80, , , , , , , , , , , , , , , , , , , , , , , , , , , , , , , , , , , , , , , , , , , , 
130, , , , , , , , , , , , , , , , , ,s152, , , , , , , , , ,s114,s115, , , , , , , , , , , , , , , , , , , , , , , , , , , , , , , , , , , , , , , , , , , , , , , , , , , , , , , , , , 
131, , , , , , , , , , , , , , , , ,s153, , , , , , , , , , , , , , , , , , , , , , , , , , , , , , , , , , , , , , , , , , , , , , , , , , , , , , , , , , , , , , , , , , , , , , 
132, , , , , , , , ,r60, , , , ,r60, , , ,r60,r60, , , , , , , , ,r60,r60,r60,r60,r60,r60,r60,r60,r60,r60,r60,r60, , , , , , , , , , , , , , , , , , , , , , , , , , , , , , , , , , , , , , , , , , , , , , , , 
133, , , , , , , , ,r61, , , , ,r61, , , ,r61,r61, , , , , , , , ,r61,r61,r61,r61,r61,r61,r61,r61,r61,r61,r61,r61, , , , , , , , , , , , , , , , , , , , , , , , , , , , , , , , , , , , , , , , , , , , , , , , 
134, , , , , , , , , , , , , ,s154, , , , , , , , , , , , , , , , , , , , , , , , , , , , , , , , , , , , , , , , , , , , , , , , , , , , , , , , , , , , , , , , , , , , , , , , , 
135, , , , , , , , , , , ,r87,r87, , , , , , , ,r87,r87,r87,r87,r87,r87,r87, , , , , , , , , , , , , , , , , , , , , ,r87, , , , , , , , , , , , , , , , , , , , , , , , , , , , , , , , , , , , ,155, 
136, , , , , , , , , , , , , , , , , ,s156, , , , , , , , , ,s114,s115, , , , , , , , , , , , , , , , , , , , , , , , , , , , , , , , , , , , , , , , , , , , , , , , , , , , , , , , , , 
137, , , , , , , , , , , , , , , , ,s157, , , , , , , , , , , , , , , , , , , , , , , , , , , , , , , , , , , , , , , , , , , , , , , , , , , , , , , , , , , , , , , , , , , , , , 
138, , , , , , , , , , , , , ,s158, , , , , , , , , , , , , ,s114,s115, , , , , , , , , , , , , , , , , , , , , , , , , , , , , , , , , , , , , , , , , , , , , , , , , , , , , , , , , , 
139, , , , , ,r71, ,r71,r71, , ,r71,r71,r71, , , ,r71,r71, ,r71,r71,r71,r71,r71,r71,r71,r71,r71,r71,r71,r71,r71,r71,r71,r71,r71,r71,r71,r71,r71, ,r71, , , , , ,r71, , , , , , , , , , , , , , , , , , , , , , , , , , , , , , , , , , , , , , 
140, , , , , , , , ,r37, , , , ,r37, , , ,r37,r37, , , , , , , , ,r37,r37,s116,s117,s118,s119,s120,s121, , , , , , , , , , , , , , , , , , , , , , , , , , , , , , , , , , , , , , , , , , , , , , , , , , , , 
141, , , , , , , , ,r38, , , , ,r38, , , ,r38,r38, , , , , , , , ,r38,r38,s116,s117,s118,s119,s120,s121, , , , , , , , , , , , , , , , , , , , , , , , , , , , , , , , , , , , , , , , , , , , , , , , , , , , 
142, , , , , , , , ,r40, , , , ,r40, , , ,r40,r40, , , , , , , , ,r40,r40,r40,r40,r40,r40,r40,r40,s122,s123, , , , , , , , , , , , , , , , , , , , , , , , , , , , , , , , , , , , , , , , , , , , , , , , , , 
143, , , , , , , , ,r41, , , , ,r41, , , ,r41,r41, , , , , , , , ,r41,r41,r41,r41,r41,r41,r41,r41,s122,s123, , , , , , , , , , , , , , , , , , , , , , , , , , , , , , , , , , , , , , , , , , , , , , , , , , 
144, , , , , , , , ,r42, , , , ,r42, , , ,r42,r42, , , , , , , , ,r42,r42,r42,r42,r42,r42,r42,r42,s122,s123, , , , , , , , , , , , , , , , , , , , , , , , , , , , , , , , , , , , , , , , , , , , , , , , , , 
145, , , , , , , , ,r43, , , , ,r43, , , ,r43,r43, , , , , , , , ,r43,r43,r43,r43,r43,r43,r43,r43,s122,s123, , , , , , , , , , , , , , , , , , , , , , , , , , , , , , , , , , , , , , , , , , , , , , , , , , 
146, , , , , , , , ,r44, , , , ,r44, , , ,r44,r44, , , , , , , , ,r44,r44,r44,r44,r44,r44,r44,r44,s122,s123, , , , , , , , , , , , , , , , , , , , , , , , , , , , , , , , , , , , , , , , , , , , , , , , , , 
147, , , , , , , , ,r45, , , , ,r45, , , ,r45,r45, , , , , , , , ,r45,r45,r45,r45,r45,r45,r45,r45,s122,s123, , , , , , , , , , , , , , , , , , , , , , , , , , , , , , , , , , , , , , , , , , , , , , , , , , 
148, , , , , , , , ,r47, , , , ,r47, , , ,r47,r47, , , , , , , , ,r47,r47,r47,r47,r47,r47,r47,r47,r47,r47,s124,s125, , , , , , , , , , , , , , , , , , , , , , , , , , , , , , , , , , , , , , , , , , , , , , , , 
149, , , , , , , , ,r48, , , , ,r48, , , ,r48,r48, , , , , , , , ,r48,r48,r48,r48,r48,r48,r48,r48,r48,r48,s124,s125, , , , , , , , , , , , , , , , , , , , , , , , , , , , , , , , , , , , , , , , , , , , , , , , 
150, , , , , , , , ,r50, , , , ,r50, , , ,r50,r50, , , , , , , , ,r50,r50,r50,r50,r50,r50,r50,r50,r50,r50,r50,r50, , , , , , , , , , , , , , , , , , , , , , , , , , , , , , , , , , , , , , , , , , , , , , , , 
151, , , , , , , , ,r51, , , , ,r51, , , ,r51,r51, , , , , , , , ,r51,r51,r51,r51,r51,r51,r51,r51,r51,r51,r51,r51, , , , , , , , , , , , , , , , , , , , , , , , , , , , , , , , , , , , , , , , , , , , , , , , 
152, , , , , , , , ,r58, , , , ,r58, , , ,r58,r58, , , , , , , , ,r58,r58,r58,r58,r58,r58,r58,r58,r58,r58,r58,r58, , , , , , , , , , , , , , , , , , , , , , , , , , , , , , , , , , , , , , , , , , , , , , , , 
153, , , , , , , , , , , , , , , , ,s92,r69,r69, , , , , , , , , , , , , , , , , ,s94, , ,s90,s91,s95, ,s101,s102,s103,s104,s31,s22, , , , , , , , , , , , , , , ,160,85,86,87,88,159,89,96,97,98,99,100, ,93, , , , , , , , , 
154, , , , ,r25, , , , , , ,r25,r25, , ,r25, , , ,r25,r25,r25,r25,r25,r25,r25,r25, , , , , , , , , , , , , , , , , , , , , ,r25,r25, , , , , , , , , , , , , , , , , , , , , , , , , , , , , , , , , , , , , 
155, , , , , , , , , , , ,r81, , , , , , , , ,s63, ,s64,s65,s68,s69,s70, , , , , , , , , , , , , , , , , , , , , ,s22, , , , , , , , , , , , , , ,161, , , , , , ,67, , , , , , ,71, ,66, , , , , , , 
156, , , , , , , , , , , ,r87,r87, , , , , , , ,r87,r87,r87,r87,r87,r87,r87, , , , , , , , , , , , , , , , , , , , , ,r87, , , , , , , , , , , , , , , , , , , , , , , , , , , , , , , , , , , , ,162, 
157, , , , , , , , , , , , , , , , ,s92, , , , , , , , , , , , , , , , , , , ,s94, , ,s90,s91,s95, ,s101,s102,s103,s104,s31,s22, , , , , , , , , , , , , , , ,163,85,86,87,88, ,89,96,97,98,99,100, ,93, , , , , , , , , 
158, , , , , , , , , , , ,r33,r33, , , , , , , ,r33,r33,r33,r33,r33,r33,r33, , , , , , , , , , , , , , , , , , , , , ,r33, , , , , , , , , , , , , , , , , , , , , , , , , , , , , , , , , , , , , , 
159, , , , , , , , , , , , , , , , , ,s164,s165, , , , , , , , , , , , , , , , , , , , , , , , , , , , , , , , , , , , , , , , , , , , , , , , , , , , , , , , , , , , , , , , , , , , 
160, , , , , , , , , , , , , , , , , ,r68,r68, , , , , , , , ,s114,s115, , , , , , , , , , , , , , , , , , , , , , , , , , , , , , , , , , , , , , , , , , , , , , , , , , , , , , , , , , 
161, , , , , , , , , , , ,r28,r28, , , , , , , ,r28,s166 / r28,r28,r28,r28,r28,r28, , , , , , , , , , , , , , , , , , , , , ,r28, , , , , , , , , , , , , , , , , , , , , , , , , , , , , , , , , , , , , , 
162, , , , , , , , , , , ,r81, , , , , , , , ,s63, ,s64,s65,s68,s69,s70, , , , , , , , , , , , , , , , , , , , , ,s22, , , , , , , , , , , , , , ,167, , , , , , ,67, , , , , , ,71, ,66, , , , , , , 
163, , , , , , , , , , , , , , , , , ,s168, , , , , , , , , ,s114,s115, , , , , , , , , , , , , , , , , , , , , , , , , , , , , , , , , , , , , , , , , , , , , , , , , , , , , , , , , , 
164, , , , , , , , ,r59, , , , ,r59, , , ,r59,r59, , , , , , , , ,r59,r59,r59,r59,r59,r59,r59,r59,r59,r59,r59,r59, , , , , , , , , , , , , , , , , , , , , , , , , , , , , , , , , , , , , , , , , , , , , , , , 
165, , , , , , , , , , , , , , , , ,s92, , , , , , , , , , , , , , , , , , , ,s94, , ,s90,s91,s95, ,s101,s102,s103,s104,s31,s22, , , , , , , , , , , , , , , ,169,85,86,87,88, ,89,96,97,98,99,100, ,93, , , , , , , , , 
166, , , , , , , , , , , ,r84,r84, , , , , , , ,r84,r84,r84,r84,r84,r84,r84, , , , , , , , , , , , , , , , , , , , , ,r84, , , , , , , , , , , , , , , , , , , , , , , , , , , , , , , , , ,170, , , , 
167, , , , , , , , , , , ,r30,r30, , , , , , , ,r30,r30,r30,r30,r30,r30,r30, , , , , , , , , , , , , , , , , , , , , ,r30, , , , , , , , , , , , , , , , , , , , , , , , , , , , , , , , , , , , , , 
168, , , , , , , , , , , , , ,s171, , , , , , , , , , , , , , , , , , , , , , , , , , , , , , , , , , , , , , , , , , , , , , , , , , , , , , , , , , , , , , , , , , , , , , , , , 
169, , , , , , , , , , , , , , , , , ,r67,r67, , , , , , , , ,s114,s115, , , , , , , , , , , , , , , , , , , , , , , , , , , , , , , , , , , , , , , , , , , , , , , , , , , , , , , , , , 
170, , , , , , , , , , , ,r81, , , , , , , , ,s63, ,s64,s65,s68,s69,s70, , , , , , , , , , , , , , , , , , , , , ,s22, , , , , , , , , , , , , , ,172, , , , , , ,67, , , , , , ,71, ,66, , , , , , , 
171, , , , , , , , , , , ,r31,r31, , , , , , , ,r31,r31,r31,r31,r31,r31,r31, , , , , , , , , , , , , , , , , , , , , ,r31, , , , , , , , , , , , , , , , , , , , , , , , , , , , , , , , , , , , , , 
172, , , , , , , , , , , ,r29,r29, , , , , , , ,r29,r29,r29,r29,r29,r29,r29, , , , , , , , , , , , , , , , , , , , , ,r29, , , , , , , , , , , , , , , , , , , , , , , , , , , , , , , , , , , , , , 
